{
  "Total" : {
    "transaction" : "Total",
    "sampleCount" : 99,
    "errorCount" : 0,
    "errorPct" : 0.0,
    "meanResTime" : 588.9393939393939,
    "medianResTime" : 572.0,
    "minResTime" : 528.0,
    "maxResTime" : 757.0,
    "pct1ResTime" : 666.0,
    "pct2ResTime" : 687.0,
    "pct3ResTime" : 757.0,
    "throughput" : 72.26277372262774,
    "receivedKBytesPerSec" : 548.8381044708029,
    "sentKBytesPerSec" : 8.11544822080292
  },
  "HTTP Request" : {
    "transaction" : "HTTP Request",
    "sampleCount" : 99,
    "errorCount" : 0,
    "errorPct" : 0.0,
    "meanResTime" : 588.9393939393939,
    "medianResTime" : 572.0,
    "minResTime" : 528.0,
    "maxResTime" : 757.0,
    "pct1ResTime" : 666.0,
    "pct2ResTime" : 687.0,
    "pct3ResTime" : 757.0,
    "throughput" : 72.26277372262774,
    "receivedKBytesPerSec" : 548.8381044708029,
    "sentKBytesPerSec" : 8.11544822080292
  }
}